{
  "__inputs": [
    {
      "name": "DS_PROMETHEUS",
      "label": "Prometheus",
      "description": "",
      "type": "datasource",
      "pluginId": "prometheus",
      "pluginName": "Prometheus"
    }
  ],
  "__requires": [
    {
      "type": "grafana",
      "id": "grafana",
      "name": "Grafana",
      "version": "4.3.1"
    },
    {
      "type": "panel",
      "id": "graph",
      "name": "Graph",
      "version": ""
    },
    {
      "type": "datasource",
      "id": "prometheus",
      "name": "Prometheus",
      "version": "1.0.0"
    }
  ],
  "annotations": {
    "list": []
  },
  "editable": true,
  "gnetId": null,
  "graphTooltip": 0,
  "hideControls": false,
  "id": null,
  "links": [],
  "refresh": false,
  "rows": [
    {
      "collapse": false,
      "height": 250,
      "panels": [
        {
          "aliasColors": {},
          "bars": false,
          "dashLength": 10,
          "dashes": false,
          "datasource": "${DS_PROMETHEUS}",
          "decimals": 1,
          "fill": 1,
          "id": 5,
          "legend": {
            "avg": false,
            "current": false,
            "max": false,
            "min": false,
            "show": false,
            "total": false,
            "values": false
          },
          "lines": true,
          "linewidth": 1,
          "links": [],
          "nullPointMode": "null",
          "percentage": false,
          "pointradius": 5,
          "points": false,
          "renderer": "flot",
          "seriesOverrides": [],
          "spaceLength": 10,
          "span": 3,
          "stack": false,
          "steppedLine": false,
          "targets": [
            {
              "expr": "irate(process_cpu_seconds_total{group=\"broker\"}[30s]) * 100\n\n",
              "format": "time_series",
              "interval": "",
              "intervalFactor": 2,
              "legendFormat": "{{instance}}",
              "metric": "process_cpu_seconds_total",
              "refId": "A",
              "step": 60
            }
          ],
          "thresholds": [
            {
              "colorMode": "ok",
              "fill": false,
              "line": true,
              "op": "gt",
              "value": 100
            }
          ],
          "timeFrom": null,
          "timeShift": null,
          "title": "CPU",
          "tooltip": {
            "shared": true,
            "sort": 0,
            "value_type": "individual"
          },
          "type": "graph",
          "xaxis": {
            "buckets": null,
            "mode": "time",
            "name": null,
            "show": true,
            "values": []
          },
          "yaxes": [
            {
              "format": "percent",
              "label": "",
              "logBase": 1,
              "max": null,
              "min": "0",
              "show": true
            },
            {
              "format": "short",
              "label": null,
              "logBase": 1,
              "max": null,
              "min": null,
              "show": true
            }
          ]
        },
        {
          "aliasColors": {},
          "bars": false,
          "dashLength": 10,
          "dashes": false,
          "datasource": "${DS_PROMETHEUS}",
          "fill": 1,
          "id": 6,
          "legend": {
            "alignAsTable": false,
            "avg": false,
            "current": false,
            "hideEmpty": false,
            "max": false,
            "min": false,
            "rightSide": false,
            "show": false,
            "total": false,
            "values": false
          },
          "lines": true,
          "linewidth": 1,
          "links": [],
          "nullPointMode": "null",
          "percentage": false,
          "pointradius": 5,
          "points": false,
          "renderer": "flot",
          "seriesOverrides": [],
          "spaceLength": 10,
          "span": 3,
          "stack": false,
          "steppedLine": false,
          "targets": [
            {
              "expr": "sum(jvm_memory_bytes_committed{group=\"broker\"})",
              "format": "time_series",
              "hide": false,
              "interval": "",
              "intervalFactor": 2,
              "legendFormat": "Heap size",
              "metric": "jvm_memory_bytes_committed",
              "refId": "A",
              "step": 60
            },
            {
              "expr": "sum(jvm_memory_bytes_used{group=\"broker\"})",
              "format": "time_series",
              "interval": "",
              "intervalFactor": 2,
              "legendFormat": "Used",
              "metric": "jvm_memory_bytes_used",
              "refId": "B",
              "step": 60
            },
            {
              "expr": "sum(jvm_memory_bytes_max{group=\"broker\"})",
              "format": "time_series",
              "interval": "",
              "intervalFactor": 2,
              "legendFormat": "Max",
              "metric": "jvm_memory_bytes_max",
              "refId": "C",
              "step": 60
            }
          ],
          "thresholds": [],
          "timeFrom": null,
          "timeShift": null,
          "title": "Heap Memory",
          "tooltip": {
            "shared": true,
            "sort": 0,
            "value_type": "individual"
          },
          "type": "graph",
          "xaxis": {
            "buckets": null,
            "mode": "time",
            "name": null,
            "show": true,
            "values": []
          },
          "yaxes": [
            {
              "format": "decbytes",
              "label": "",
              "logBase": 1,
              "max": null,
              "min": null,
              "show": true
            },
            {
              "format": "short",
              "label": null,
              "logBase": 1,
              "max": null,
              "min": null,
              "show": false
            }
          ]
        },
        {
          "aliasColors": {},
          "bars": false,
          "dashLength": 10,
          "dashes": false,
          "datasource": "${DS_PROMETHEUS}",
          "fill": 1,
          "id": 7,
          "legend": {
            "avg": false,
            "current": false,
            "max": false,
            "min": false,
            "show": false,
            "total": false,
            "values": false
          },
          "lines": true,
          "linewidth": 1,
          "links": [],
          "nullPointMode": "null",
          "percentage": false,
          "pointradius": 5,
          "points": false,
          "renderer": "flot",
          "seriesOverrides": [],
          "spaceLength": 10,
          "span": 3,
          "stack": false,
          "steppedLine": false,
          "targets": [
            {
              "expr": "jvm_memory_direct_bytes_used{group=\"broker\"}",
              "format": "time_series",
              "interval": "",
              "intervalFactor": 2,
              "legendFormat": "Used",
              "metric": "jvm_memory_direct_bytes_used",
              "refId": "A",
              "step": 60
            },
            {
              "expr": "jvm_memory_direct_bytes_max{group=\"broker\"}",
              "format": "time_series",
              "interval": "",
              "intervalFactor": 2,
              "legendFormat": "Max",
              "metric": "jvm_memory_direct_bytes_max",
              "refId": "B",
              "step": 60
            }
          ],
          "thresholds": [],
          "timeFrom": null,
          "timeShift": null,
          "title": "Direct Memory",
          "tooltip": {
            "shared": true,
            "sort": 0,
            "value_type": "individual"
          },
          "type": "graph",
          "xaxis": {
            "buckets": null,
            "mode": "time",
            "name": null,
            "show": true,
            "values": []
          },
          "yaxes": [
            {
              "format": "decbytes",
              "label": "",
              "logBase": 1,
              "max": null,
              "min": null,
              "show": true
            },
            {
              "format": "short",
              "label": "",
              "logBase": 1,
              "max": null,
              "min": null,
              "show": true
            }
          ]
        },
        {
          "aliasColors": {},
          "bars": false,
          "dashLength": 10,
          "dashes": false,
          "datasource": "${DS_PROMETHEUS}",
          "fill": 1,
          "id": 8,
          "legend": {
            "avg": false,
            "current": false,
            "max": false,
            "min": false,
            "show": false,
            "total": false,
            "values": false
          },
          "lines": true,
          "linewidth": 1,
          "links": [],
          "nullPointMode": "null",
          "percentage": false,
          "pointradius": 5,
          "points": false,
          "renderer": "flot",
          "seriesOverrides": [
            {
              "alias": "old count",
              "yaxis": 2
            },
            {
              "alias": "young count",
              "yaxis": 2
            }
          ],
          "spaceLength": 10,
          "span": 3,
          "stack": false,
          "steppedLine": false,
          "targets": [
            {
              "expr": "sum(increase(jvm_gc_collection_seconds_sum{group=\"broker\"}[30s]))",
              "format": "time_series",
              "hide": false,
              "interval": "",
              "intervalFactor": 2,
              "legendFormat": "Pause",
              "metric": "jvm_gc_collection_seconds_count",
              "refId": "B",
              "step": 60
            }
          ],
          "thresholds": [],
          "timeFrom": null,
          "timeShift": null,
          "title": "GC Pauses",
          "tooltip": {
            "shared": true,
            "sort": 0,
            "value_type": "individual"
          },
          "type": "graph",
          "xaxis": {
            "buckets": null,
            "mode": "time",
            "name": null,
            "show": true,
            "values": []
          },
          "yaxes": [
            {
              "format": "s",
              "label": "",
              "logBase": 1,
              "max": null,
              "min": "0",
              "show": true
            },
            {
              "format": "short",
              "label": "",
              "logBase": 1,
              "max": null,
              "min": "0",
              "show": false
            }
          ]
        }
      ],
      "repeat": null,
      "repeatIteration": null,
      "repeatRowId": null,
      "showTitle": true,
      "title": "Brokers",
      "titleSize": "h6"
    },
    {
      "collapse": false,
      "height": 221,
      "panels": [
        {
          "aliasColors": {},
          "bars": false,
          "dashLength": 10,
          "dashes": false,
          "datasource": "${DS_PROMETHEUS}",
          "decimals": 1,
          "fill": 1,
          "id": 4,
          "legend": {
            "avg": false,
            "current": false,
            "max": false,
            "min": false,
            "show": false,
            "total": false,
            "values": false
          },
          "lines": true,
          "linewidth": 1,
          "links": [],
          "nullPointMode": "null",
          "percentage": false,
          "pointradius": 5,
          "points": false,
          "renderer": "flot",
          "seriesOverrides": [],
          "spaceLength": 10,
          "span": 3,
          "stack": false,
          "steppedLine": false,
          "targets": [
            {
              "expr": "irate(process_cpu_seconds_total{group=\"bookie\"}[30s]) * 100\n\n",
              "format": "time_series",
              "interval": "",
              "intervalFactor": 2,
              "legendFormat": "{{instance}}",
              "metric": "process_cpu_seconds_total",
              "refId": "A",
              "step": 60
            }
          ],
          "thresholds": [
            {
              "colorMode": "ok",
              "fill": false,
              "line": true,
              "op": "gt",
              "value": 100
            }
          ],
          "timeFrom": null,
          "timeShift": null,
          "title": "CPU",
          "tooltip": {
            "shared": true,
            "sort": 0,
            "value_type": "individual"
          },
          "type": "graph",
          "xaxis": {
            "buckets": null,
            "mode": "time",
            "name": null,
            "show": true,
            "values": []
          },
          "yaxes": [
            {
              "format": "percent",
              "label": "",
              "logBase": 1,
              "max": null,
              "min": "0",
              "show": true
            },
            {
              "format": "short",
              "label": null,
              "logBase": 1,
              "max": null,
              "min": null,
              "show": true
            }
          ]
        },
        {
          "aliasColors": {},
          "bars": false,
          "dashLength": 10,
          "dashes": false,
          "datasource": "${DS_PROMETHEUS}",
          "fill": 1,
          "id": 1,
          "legend": {
            "alignAsTable": false,
            "avg": false,
            "current": false,
            "hideEmpty": false,
            "max": false,
            "min": false,
            "rightSide": false,
            "show": false,
            "total": false,
            "values": false
          },
          "lines": true,
          "linewidth": 1,
          "links": [],
          "nullPointMode": "null",
          "percentage": false,
          "pointradius": 5,
          "points": false,
          "renderer": "flot",
          "seriesOverrides": [],
          "spaceLength": 10,
          "span": 3,
          "stack": false,
          "steppedLine": false,
          "targets": [
            {
              "expr": "sum(jvm_memory_bytes_committed{group=\"bookie\"})",
              "format": "time_series",
              "hide": false,
              "interval": "",
              "intervalFactor": 2,
              "legendFormat": "Heap size",
              "metric": "jvm_memory_bytes_committed",
              "refId": "A",
              "step": 60
            },
            {
              "expr": "sum(jvm_memory_bytes_used{group=\"bookie\"})",
              "format": "time_series",
              "interval": "",
              "intervalFactor": 2,
              "legendFormat": "Used",
              "metric": "jvm_memory_bytes_used",
              "refId": "B",
              "step": 60
            },
            {
              "expr": "sum(jvm_memory_bytes_max{group=\"bookie\"})",
              "format": "time_series",
              "interval": "",
              "intervalFactor": 2,
              "legendFormat": "Max",
              "metric": "jvm_memory_bytes_max",
              "refId": "C",
              "step": 60
            }
          ],
          "thresholds": [],
          "timeFrom": null,
          "timeShift": null,
          "title": "Heap Memory",
          "tooltip": {
            "shared": true,
            "sort": 0,
            "value_type": "individual"
          },
          "type": "graph",
          "xaxis": {
            "buckets": null,
            "mode": "time",
            "name": null,
            "show": true,
            "values": []
          },
          "yaxes": [
            {
              "format": "decbytes",
              "label": "",
              "logBase": 1,
              "max": null,
              "min": null,
              "show": true
            },
            {
              "format": "short",
              "label": null,
              "logBase": 1,
              "max": null,
              "min": null,
              "show": false
            }
          ]
        },
        {
          "aliasColors": {},
          "bars": false,
          "dashLength": 10,
          "dashes": false,
          "datasource": "${DS_PROMETHEUS}",
          "fill": 1,
          "id": 2,
          "legend": {
            "avg": false,
            "current": false,
            "max": false,
            "min": false,
            "show": false,
            "total": false,
            "values": false
          },
          "lines": true,
          "linewidth": 1,
          "links": [],
          "nullPointMode": "null",
          "percentage": false,
          "pointradius": 5,
          "points": false,
          "renderer": "flot",
          "seriesOverrides": [],
          "spaceLength": 10,
          "span": 3,
          "stack": false,
          "steppedLine": false,
          "targets": [
            {
              "expr": "jvm_memory_direct_bytes_used{group=\"bookie\"}",
              "format": "time_series",
              "interval": "",
              "intervalFactor": 2,
              "legendFormat": "Used",
              "metric": "jvm_memory_direct_bytes_used",
              "refId": "A",
              "step": 60
            },
            {
              "expr": "jvm_memory_direct_bytes_max{group=\"bookie\"}",
              "format": "time_series",
              "interval": "",
              "intervalFactor": 2,
              "legendFormat": "Max",
              "metric": "jvm_memory_direct_bytes_max",
              "refId": "B",
              "step": 60
            }
          ],
          "thresholds": [],
          "timeFrom": null,
          "timeShift": null,
          "title": "Direct Memory",
          "tooltip": {
            "shared": true,
            "sort": 0,
            "value_type": "individual"
          },
          "type": "graph",
          "xaxis": {
            "buckets": null,
            "mode": "time",
            "name": null,
            "show": true,
            "values": []
          },
          "yaxes": [
            {
              "format": "decbytes",
              "label": "",
              "logBase": 1,
              "max": null,
              "min": null,
              "show": true
            },
            {
              "format": "short",
              "label": "",
              "logBase": 1,
              "max": null,
              "min": null,
              "show": true
            }
          ]
        },
        {
          "aliasColors": {},
          "bars": false,
          "dashLength": 10,
          "dashes": false,
          "datasource": "${DS_PROMETHEUS}",
          "fill": 1,
          "id": 3,
          "legend": {
            "avg": false,
            "current": false,
            "max": false,
            "min": false,
            "show": false,
            "total": false,
            "values": false
          },
          "lines": true,
          "linewidth": 1,
          "links": [],
          "nullPointMode": "null",
          "percentage": false,
          "pointradius": 5,
          "points": false,
          "renderer": "flot",
          "seriesOverrides": [
            {
              "alias": "old count",
              "yaxis": 2
            },
            {
              "alias": "young count",
              "yaxis": 2
            }
          ],
          "spaceLength": 10,
          "span": 3,
          "stack": false,
          "steppedLine": false,
          "targets": [
            {
              "expr": "sum(increase(jvm_gc_collection_seconds_sum{group=\"bookie\"}[30s]))",
              "format": "time_series",
              "hide": false,
              "interval": "",
              "intervalFactor": 2,
              "legendFormat": "Pause",
              "metric": "jvm_gc_collection_seconds_count",
              "refId": "B",
              "step": 60
            }
          ],
          "thresholds": [],
          "timeFrom": null,
          "timeShift": null,
          "title": "GC Pauses",
          "tooltip": {
            "shared": true,
            "sort": 0,
            "value_type": "individual"
          },
          "type": "graph",
          "xaxis": {
            "buckets": null,
            "mode": "time",
            "name": null,
            "show": true,
            "values": []
          },
          "yaxes": [
            {
              "format": "s",
              "label": "",
              "logBase": 1,
              "max": null,
              "min": "0",
              "show": true
            },
            {
              "format": "short",
              "label": "",
              "logBase": 1,
              "max": null,
              "min": "0",
              "show": false
            }
          ]
        }
      ],
      "repeat": "instance",
      "repeatIteration": null,
      "repeatRowId": null,
      "showTitle": true,
      "title": "Bookies",
      "titleSize": "h4"
    }
  ],
  "schemaVersion": 14,
  "style": "dark",
  "tags": [],
  "templating": {
    "list": []
  },
  "time": {
    "from": "2018-03-16T20:41:52.018Z",
    "to": "2018-03-17T00:41:52.018Z"
  },
  "timepicker": {
    "refresh_intervals": [
      "5s",
      "10s",
      "30s",
      "1m",
      "5m",
      "15m",
      "30m",
      "1h",
      "2h",
      "1d"
    ],
    "time_options": [
      "5m",
      "15m",
      "1h",
      "6h",
      "12h",
      "24h",
      "2d",
      "7d",
      "30d"
    ]
  },
  "timezone": "browser",
  "title": "Pulsar - JVM (AWS)",
  "version": 1
}