{
  "__inputs": [
    {
      "name": "DS_PROMETHEUS",
      "label": "Prometheus",
      "description": "",
      "type": "datasource",
      "pluginId": "prometheus",
      "pluginName": "Prometheus"
    }
  ],
  "__requires": [
    {
      "type": "grafana",
      "id": "grafana",
      "name": "Grafana",
      "version": "4.3.1"
    },
    {
      "type": "panel",
      "id": "graph",
      "name": "Graph",
      "version": ""
    },
    {
      "type": "datasource",
      "id": "prometheus",
      "name": "Prometheus",
      "version": "1.0.0"
    }
  ],
  "annotations": {
    "list": []
  },
  "editable": true,
  "gnetId": null,
  "graphTooltip": 0,
  "hideControls": false,
  "id": null,
  "links": [],
  "refresh": "1m",
  "rows": [
    {
      "collapse": false,
      "height": 250,
      "panels": [
        {
          "aliasColors": {},
          "bars": false,
          "dashLength": 10,
          "dashes": false,
          "datasource": "${DS_PROMETHEUS}",
          "fill": 1,
          "id": 16,
          "legend": {
            "avg": false,
            "current": false,
            "hideEmpty": false,
            "max": false,
            "min": false,
            "show": false,
            "total": false,
            "values": false
          },
          "lines": true,
          "linewidth": 1,
          "links": [],
          "nullPointMode": "null",
          "percentage": false,
          "pointradius": 5,
          "points": false,
          "renderer": "flot",
          "seriesOverrides": [],
          "spaceLength": 10,
          "span": 6,
          "stack": false,
          "steppedLine": false,
          "targets": [
            {
              "expr": "sum(pulsar_rate_in{cluster=~\"$cluster\", namespace=~\"$namespace\"}) by (cluster, namespace)",
              "format": "time_series",
              "interval": "",
              "intervalFactor": 2,
              "legendFormat": "{{cluster}} - {{namespace}}",
              "metric": "pulsar_rate_in",
              "refId": "A",
              "step": 240
            }
          ],
          "thresholds": [],
          "timeFrom": null,
          "timeShift": null,
          "title": "Local publish rate",
          "tooltip": {
            "shared": true,
            "sort": 0,
            "value_type": "individual"
          },
          "type": "graph",
          "xaxis": {
            "buckets": null,
            "mode": "time",
            "name": null,
            "show": true,
            "values": []
          },
          "yaxes": [
            {
              "format": "short",
              "label": "msg/s",
              "logBase": 1,
              "max": null,
              "min": null,
              "show": true
            },
            {
              "format": "short",
              "label": null,
              "logBase": 1,
              "max": null,
              "min": null,
              "show": true
            }
          ]
        },
        {
          "aliasColors": {},
          "bars": false,
          "dashLength": 10,
          "dashes": false,
          "datasource": "${DS_PROMETHEUS}",
          "fill": 1,
          "id": 2,
          "legend": {
            "avg": false,
            "current": false,
            "max": false,
            "min": false,
            "show": false,
            "total": false,
            "values": false
          },
          "lines": true,
          "linewidth": 1,
          "links": [],
          "nullPointMode": "null",
          "percentage": false,
          "pointradius": 5,
          "points": false,
          "renderer": "flot",
          "seriesOverrides": [],
          "spaceLength": 10,
          "span": 6,
          "stack": false,
          "steppedLine": false,
          "targets": [
            {
              "expr": "sum(pulsar_rate_out{cluster=~\"$cluster\", namespace=~\"$namespace\"}) by (cluster, namespace)",
              "format": "time_series",
              "intervalFactor": 2,
              "legendFormat": "{{cluster}} - {{namespace}}",
              "metric": "pulsar_rate_out",
              "refId": "A",
              "step": 240
            }
          ],
          "thresholds": [],
          "timeFrom": null,
          "timeShift": null,
          "title": "Local delivery rate",
          "tooltip": {
            "shared": true,
            "sort": 0,
            "value_type": "individual"
          },
          "type": "graph",
          "xaxis": {
            "buckets": null,
            "mode": "time",
            "name": null,
            "show": true,
            "values": []
          },
          "yaxes": [
            {
              "format": "short",
              "label": "msg / s",
              "logBase": 1,
              "max": null,
              "min": "0",
              "show": true
            },
            {
              "format": "short",
              "label": null,
              "logBase": 1,
              "max": null,
              "min": null,
              "show": true
            }
          ]
        }
      ],
      "repeat": null,
      "repeatIteration": null,
      "repeatRowId": null,
      "showTitle": false,
      "title": "Dashboard Row",
      "titleSize": "h6"
    },
    {
      "collapse": false,
      "height": 250,
      "panels": [
        {
          "aliasColors": {},
          "bars": false,
          "dashLength": 10,
          "dashes": false,
          "datasource": "${DS_PROMETHEUS}",
          "fill": 1,
          "id": 5,
          "legend": {
            "avg": false,
            "current": false,
            "max": false,
            "min": false,
            "show": false,
            "total": false,
            "values": false
          },
          "lines": true,
          "linewidth": 1,
          "links": [],
          "nullPointMode": "null",
          "percentage": false,
          "pointradius": 5,
          "points": false,
          "renderer": "flot",
          "seriesOverrides": [],
          "spaceLength": 10,
          "span": 6,
          "stack": false,
          "steppedLine": false,
          "targets": [
            {
              "expr": "sum(pulsar_throughput_in{cluster=~\"$cluster\", namespace=~\"$namespace\"}) by (cluster, namespace)",
              "format": "time_series",
              "interval": "",
              "intervalFactor": 2,
              "legendFormat": "{{cluster}} - {{namespace}}",
              "metric": "pulsar_throughput_in",
              "refId": "A",
              "step": 240
            }
          ],
          "thresholds": [],
          "timeFrom": null,
          "timeShift": null,
          "title": "Local publish throughput (bytes/s)",
          "tooltip": {
            "shared": true,
            "sort": 0,
            "value_type": "individual"
          },
          "type": "graph",
          "xaxis": {
            "buckets": null,
            "mode": "time",
            "name": null,
            "show": true,
            "values": []
          },
          "yaxes": [
            {
              "format": "Bps",
              "label": "",
              "logBase": 1,
              "max": null,
              "min": null,
              "show": true
            },
            {
              "format": "short",
              "label": null,
              "logBase": 1,
              "max": null,
              "min": null,
              "show": false
            }
          ]
        },
        {
          "aliasColors": {},
          "bars": false,
          "dashLength": 10,
          "dashes": false,
          "datasource": "${DS_PROMETHEUS}",
          "description": "",
          "fill": 1,
          "id": 8,
          "legend": {
            "alignAsTable": false,
            "avg": false,
            "current": false,
            "max": false,
            "min": false,
            "show": false,
            "total": false,
            "values": false
          },
          "lines": true,
          "linewidth": 1,
          "links": [],
          "nullPointMode": "null",
          "percentage": false,
          "pointradius": 5,
          "points": false,
          "renderer": "flot",
          "seriesOverrides": [],
          "spaceLength": 10,
          "span": 6,
          "stack": false,
          "steppedLine": false,
          "targets": [
            {
              "expr": "sum(pulsar_throughput_out{cluster=~\"$cluster\", namespace=~\"$namespace\"}) by (cluster, namespace)",
              "format": "time_series",
              "interval": "",
              "intervalFactor": 2,
              "legendFormat": "{{cluster}} - {{namespace}}",
              "metric": "pulsar_throughput_out",
              "refId": "A",
              "step": 240
            }
          ],
          "thresholds": [],
          "timeFrom": null,
          "timeShift": null,
          "title": "Local delivery throughput (bytes/s)",
          "tooltip": {
            "shared": true,
            "sort": 0,
            "value_type": "individual"
          },
          "type": "graph",
          "xaxis": {
            "buckets": null,
            "mode": "time",
            "name": null,
            "show": true,
            "values": []
          },
          "yaxes": [
            {
              "format": "Bps",
              "label": "",
              "logBase": 1,
              "max": null,
              "min": "0",
              "show": true
            },
            {
              "format": "short",
              "label": null,
              "logBase": 1,
              "max": null,
              "min": null,
              "show": false
            }
          ]
        }
      ],
      "repeat": null,
      "repeatIteration": null,
      "repeatRowId": null,
      "showTitle": false,
      "title": "Dashboard Row",
      "titleSize": "h6"
    },
    {
      "collapse": false,
      "height": 250,
      "panels": [
        {
          "aliasColors": {},
          "bars": false,
          "dashLength": 10,
          "dashes": false,
          "datasource": "${DS_PROMETHEUS}",
          "decimals": 0,
          "fill": 1,
          "id": 7,
          "legend": {
            "avg": false,
            "current": false,
            "max": false,
            "min": false,
            "show": false,
            "total": false,
            "values": false
          },
          "lines": true,
          "linewidth": 1,
          "links": [],
          "nullPointMode": "null",
          "percentage": false,
          "pointradius": 5,
          "points": false,
          "renderer": "flot",
          "seriesOverrides": [],
          "spaceLength": 10,
          "span": 6,
          "stack": false,
          "steppedLine": false,
          "targets": [
            {
              "expr": "sum(pulsar_topics_count{cluster=~\"$cluster\", namespace=~\"$namespace\"})",
              "format": "time_series",
              "interval": "",
              "intervalFactor": 2,
              "legendFormat": "topics",
              "metric": "pulsar_topics_count",
              "refId": "D",
              "step": 240
            },
            {
              "expr": "sum(pulsar_producers_count{cluster=~\"$cluster\", namespace=~\"$namespace\"})",
              "format": "time_series",
              "interval": "",
              "intervalFactor": 2,
              "legendFormat": "producers",
              "metric": "pulsar_producers_count",
              "refId": "A",
              "step": 240
            },
            {
              "expr": "sum(pulsar_subscriptions_count{cluster=~\"$cluster\", namespace=~\"$namespace\"})",
              "format": "time_series",
              "intervalFactor": 2,
              "legendFormat": "subscriptions",
              "metric": "pulsar_subscriptions_count",
              "refId": "B",
              "step": 240
            },
            {
              "expr": "sum(pulsar_consumers_count{cluster=~\"$cluster\", namespace=~\"$namespace\"})",
              "format": "time_series",
              "intervalFactor": 2,
              "legendFormat": "consumers",
              "metric": "pulsar_consumers_count",
              "refId": "C",
              "step": 240
            }
          ],
          "thresholds": [],
          "timeFrom": null,
          "timeShift": null,
          "title": "Topics - Producers - Subscriptions - Consumers",
          "tooltip": {
            "shared": true,
            "sort": 0,
            "value_type": "individual"
          },
          "type": "graph",
          "xaxis": {
            "buckets": null,
            "mode": "time",
            "name": null,
            "show": true,
            "values": [
              "current"
            ]
          },
          "yaxes": [
            {
              "format": "short",
              "label": "count",
              "logBase": 1,
              "max": null,
              "min": null,
              "show": true
            },
            {
              "format": "short",
              "label": null,
              "logBase": 1,
              "max": null,
              "min": null,
              "show": false
            }
          ]
        },
        {
          "aliasColors": {},
          "bars": false,
          "dashLength": 10,
          "dashes": false,
          "datasource": "${DS_PROMETHEUS}",
          "fill": 1,
          "id": 4,
          "legend": {
            "avg": false,
            "current": false,
            "max": false,
            "min": false,
            "show": false,
            "total": false,
            "values": false
          },
          "lines": true,
          "linewidth": 1,
          "links": [],
          "nullPointMode": "null",
          "percentage": false,
          "pointradius": 5,
          "points": false,
          "renderer": "flot",
          "seriesOverrides": [],
          "spaceLength": 10,
          "span": 6,
          "stack": false,
          "steppedLine": false,
          "targets": [
            {
              "expr": "sum(pulsar_msg_backlog{cluster=~\"$cluster\", namespace=~\"$namespace\"}) by (cluster, namespace)",
              "format": "time_series",
              "interval": "",
              "intervalFactor": 2,
              "legendFormat": "{{cluster}} - {{namespace}}",
              "metric": "pulsar_msg_backlog",
              "refId": "A",
              "step": 240
            }
          ],
          "thresholds": [],
          "timeFrom": null,
          "timeShift": null,
          "title": "Local backlog",
          "tooltip": {
            "shared": true,
            "sort": 0,
            "value_type": "individual"
          },
          "type": "graph",
          "xaxis": {
            "buckets": null,
            "mode": "time",
            "name": null,
            "show": true,
            "values": []
          },
          "yaxes": [
            {
              "format": "short",
              "label": "Messages",
              "logBase": 1,
              "max": null,
              "min": "0",
              "show": true
            },
            {
              "format": "short",
              "label": null,
              "logBase": 1,
              "max": null,
              "min": null,
              "show": false
            }
          ]
        }
      ],
      "repeat": null,
      "repeatIteration": null,
      "repeatRowId": null,
      "showTitle": false,
      "title": "Dashboard Row",
      "titleSize": "h6"
    },
    {
      "collapse": false,
      "height": 250,
      "panels": [
        {
          "aliasColors": {
            "0 - 0.5 ms": "#2F575E",
            "0.5 - 1 ms": "#3F6833",
            "1 - 5 ms": "#629E51",
            "10 - 20 ms": "#E5A8E2",
            "100 - 200 ms": "#EF843C",
            "20 - 50 ms": "#65C5DB",
            "200 ms - 1 s": "#EA6460",
            "5 - 10 ms": "#1F78C1",
            "50 - 100 ms": "#E5AC0E",
            "< +Inf ms": "#BF1B00",
            "< 0.5 ms": "#508642",
            "> 1 s": "#BF1B00"
          },
          "bars": false,
          "dashLength": 10,
          "dashes": false,
          "datasource": "${DS_PROMETHEUS}",
          "fill": 5,
          "id": 3,
          "legend": {
            "avg": false,
            "current": false,
            "max": false,
            "min": false,
            "show": true,
            "total": false,
            "values": false
          },
          "lines": true,
          "linewidth": 0,
          "links": [],
          "nullPointMode": "null",
          "percentage": false,
          "pointradius": 5,
          "points": false,
          "renderer": "flot",
          "seriesOverrides": [
            {
              "alias": "< 100 ms",
              "yaxis": 1
            }
          ],
          "spaceLength": 10,
          "span": 6,
          "stack": true,
          "steppedLine": false,
          "targets": [
            {
              "expr": "sum(pulsar_storage_write_latency_le_0_5{cluster=~\"$cluster\", namespace=~\"$namespace\"}) / 60.0",
              "format": "time_series",
              "interval": "",
              "intervalFactor": 2,
              "legendFormat": "0 - 0.5 ms",
              "metric": "pulsar_add_entry_latency_le_0_5",
              "refId": "A",
              "step": 240
            },
            {
              "expr": "sum(pulsar_storage_write_latency_le_1{cluster=~\"$cluster\", namespace=~\"$namespace\"}) / 60.0",
              "format": "time_series",
              "interval": "",
              "intervalFactor": 2,
              "legendFormat": "0.5 - 1 ms",
              "metric": "pulsar_add_entry_latency_le_1",
              "refId": "B",
              "step": 240
            },
            {
              "expr": "sum(pulsar_storage_write_latency_le_5{cluster=~\"$cluster\", namespace=~\"$namespace\"}) / 60.0",
              "format": "time_series",
              "interval": "",
              "intervalFactor": 2,
              "legendFormat": "1 - 5 ms",
              "metric": "pulsar_add_entry_latency_le_5",
              "refId": "C",
              "step": 240
            },
            {
              "expr": "sum(pulsar_storage_write_latency_le_10{cluster=~\"$cluster\", namespace=~\"$namespace\"}) / 60.0",
              "format": "time_series",
              "interval": "",
              "intervalFactor": 2,
              "legendFormat": "5 - 10 ms",
              "metric": "pulsar_add_entry_latency_le_10",
              "refId": "D",
              "step": 240
            },
            {
              "expr": "sum(pulsar_storage_write_latency_le_20{cluster=~\"$cluster\", namespace=~\"$namespace\"}) / 60.0",
              "format": "time_series",
              "interval": "",
              "intervalFactor": 2,
              "legendFormat": "10 - 20 ms",
              "metric": "pulsar_add_entry_latency_le_20",
              "refId": "E",
              "step": 240
            },
            {
              "expr": "sum(pulsar_storage_write_latency_le_50{cluster=~\"$cluster\", namespace=~\"$namespace\"}) / 60.0",
              "format": "time_series",
              "interval": "",
              "intervalFactor": 2,
              "legendFormat": "20 - 50 ms",
              "metric": "pulsar_add_entry_latency_le_50",
              "refId": "F",
              "step": 240
            },
            {
              "expr": "sum(pulsar_storage_write_latency_le_100{cluster=~\"$cluster\", namespace=~\"$namespace\"}) / 60.0",
              "format": "time_series",
              "hide": false,
              "interval": "",
              "intervalFactor": 2,
              "legendFormat": "50 - 100 ms",
              "metric": "pulsar_add_entry_latency_le_100",
              "refId": "G",
              "step": 240
            },
            {
              "expr": "sum(pulsar_storage_write_latency_le_200{cluster=~\"$cluster\", namespace=~\"$namespace\"}) / 60.0",
              "format": "time_series",
              "intervalFactor": 2,
              "legendFormat": "100 - 200 ms",
              "metric": "pulsar_add_entry_latency_le_200",
              "refId": "H",
              "step": 240
            },
            {
              "expr": "sum(pulsar_storage_write_latency_le_1000{cluster=~\"$cluster\", namespace=~\"$namespace\"}) / 60.0",
              "format": "time_series",
              "intervalFactor": 2,
              "legendFormat": "200 ms - 1 s",
              "metric": "pulsar_add_entry_latency_le_1000",
              "refId": "I",
              "step": 240
            },
            {
              "expr": "sum(pulsar_storage_write_latency_overflow{cluster=~\"$cluster\", namespace=~\"$namespace\"}) / 60.0",
              "format": "time_series",
              "interval": "",
              "intervalFactor": 2,
              "legendFormat": "> 1 s",
              "metric": "pulsar_add_entry_latency_overflow",
              "refId": "J",
              "step": 240
            }
          ],
          "thresholds": [],
          "timeFrom": null,
          "timeShift": null,
          "title": "Storage Write Latency",
          "tooltip": {
            "shared": true,
            "sort": 0,
            "value_type": "individual"
          },
          "type": "graph",
          "xaxis": {
            "buckets": null,
            "mode": "time",
            "name": null,
            "show": true,
            "values": []
          },
          "yaxes": [
            {
              "format": "short",
              "label": "msg / s",
              "logBase": 1,
              "max": null,
              "min": null,
              "show": true
            },
            {
              "format": "short",
              "label": null,
              "logBase": 1,
              "max": null,
              "min": null,
              "show": false
            }
          ]
        },
        {
          "aliasColors": {},
          "bars": false,
          "dashLength": 10,
          "dashes": false,
          "datasource": "${DS_PROMETHEUS}",
          "fill": 1,
          "id": 9,
          "legend": {
            "avg": false,
            "current": false,
            "max": false,
            "min": false,
            "show": false,
            "total": false,
            "values": false
          },
          "lines": true,
          "linewidth": 1,
          "links": [],
          "nullPointMode": "null",
          "percentage": false,
          "pointradius": 5,
          "points": false,
          "renderer": "flot",
          "seriesOverrides": [],
          "spaceLength": 10,
          "span": 6,
          "stack": false,
          "steppedLine": false,
          "targets": [
            {
              "expr": "sum(pulsar_storage_size{cluster=~\"$cluster\", namespace=~\"$namespace\"})",
              "format": "time_series",
              "interval": "",
              "intervalFactor": 2,
              "legendFormat": "$namespace",
              "metric": "pulsar_storage_size",
              "refId": "A",
              "step": 240
            }
          ],
          "thresholds": [],
          "timeFrom": null,
          "timeShift": null,
          "title": "Storage Size",
          "tooltip": {
            "shared": true,
            "sort": 0,
            "value_type": "individual"
          },
          "type": "graph",
          "xaxis": {
            "buckets": null,
            "mode": "time",
            "name": null,
            "show": true,
            "values": []
          },
          "yaxes": [
            {
              "format": "decbytes",
              "label": "",
              "logBase": 1,
              "max": null,
              "min": null,
              "show": true
            },
            {
              "format": "short",
              "label": null,
              "logBase": 1,
              "max": null,
              "min": null,
              "show": true
            }
          ]
        }
      ],
      "repeat": null,
      "repeatIteration": null,
      "repeatRowId": null,
      "showTitle": false,
      "title": "Dashboard Row",
      "titleSize": "h6"
    },
    {
      "collapse": false,
      "height": 250,
      "panels": [
        {
          "aliasColors": {},
          "bars": false,
          "dashLength": 10,
          "dashes": false,
          "datasource": "${DS_PROMETHEUS}",
          "fill": 1,
          "id": 10,
          "legend": {
            "avg": false,
            "current": false,
            "max": false,
            "min": false,
            "show": true,
            "total": false,
            "values": false
          },
          "lines": true,
          "linewidth": 1,
          "links": [],
          "nullPointMode": "null",
          "percentage": false,
          "pointradius": 5,
          "points": false,
          "renderer": "flot",
          "seriesOverrides": [],
          "spaceLength": 10,
          "span": 6,
          "stack": false,
          "steppedLine": false,
          "targets": [
            {
              "expr": "sum(pulsar_replication_rate_in{cluster=~\"$cluster\", namespace=~\"$namespace\", remote_cluster!=\"local\"}) by (cluster, remote_cluster)",
              "format": "time_series",
              "interval": "",
              "intervalFactor": 2,
              "legendFormat": "{{remote_cluster}} → {{cluster}}",
              "metric": "pulsar_rate_in",
              "refId": "A",
              "step": 240
            }
          ],
          "thresholds": [],
          "timeFrom": null,
          "timeShift": null,
          "title": "Incoming replication rate | any → $cluster",
          "tooltip": {
            "shared": true,
            "sort": 0,
            "value_type": "individual"
          },
          "type": "graph",
          "xaxis": {
            "buckets": null,
            "mode": "time",
            "name": null,
            "show": true,
            "values": []
          },
          "yaxes": [
            {
              "format": "short",
              "label": "msg / s",
              "logBase": 1,
              "max": null,
              "min": "0",
              "show": true
            },
            {
              "format": "short",
              "label": null,
              "logBase": 1,
              "max": null,
              "min": null,
              "show": false
            }
          ]
        },
        {
          "aliasColors": {},
          "bars": false,
          "dashLength": 10,
          "dashes": false,
          "datasource": "${DS_PROMETHEUS}",
          "fill": 1,
          "id": 11,
          "legend": {
            "avg": false,
            "current": false,
            "max": false,
            "min": false,
            "show": true,
            "total": false,
            "values": false
          },
          "lines": true,
          "linewidth": 1,
          "links": [],
          "nullPointMode": "null",
          "percentage": false,
          "pointradius": 5,
          "points": false,
          "renderer": "flot",
          "seriesOverrides": [],
          "spaceLength": 10,
          "span": 6,
          "stack": false,
          "steppedLine": false,
          "targets": [
            {
              "expr": "sum(pulsar_replication_rate_out{cluster=~\"$cluster\", namespace=~\"$namespace\"})",
              "format": "time_series",
              "intervalFactor": 2,
              "legendFormat": "{{cluster}} → {{remote_cluster}}",
              "metric": "pulsar_rate",
              "refId": "A",
              "step": 240
            }
          ],
          "thresholds": [],
          "timeFrom": null,
          "timeShift": null,
          "title": "Outgoing replication rate | $cluster → any",
          "tooltip": {
            "shared": true,
            "sort": 0,
            "value_type": "individual"
          },
          "type": "graph",
          "xaxis": {
            "buckets": null,
            "mode": "time",
            "name": null,
            "show": true,
            "values": []
          },
          "yaxes": [
            {
              "format": "short",
              "label": "msg / s",
              "logBase": 1,
              "max": null,
              "min": "0",
              "show": true
            },
            {
              "format": "short",
              "label": null,
              "logBase": 1,
              "max": null,
              "min": null,
              "show": false
            }
          ]
        }
      ],
      "repeat": null,
      "repeatIteration": null,
      "repeatRowId": null,
      "showTitle": false,
      "title": "Dashboard Row",
      "titleSize": "h6"
    },
    {
      "collapse": false,
      "height": 250,
      "panels": [
        {
          "aliasColors": {},
          "bars": false,
          "dashLength": 10,
          "dashes": false,
          "datasource": "${DS_PROMETHEUS}",
          "fill": 1,
          "id": 15,
          "legend": {
            "avg": false,
            "current": false,
            "max": false,
            "min": false,
            "show": true,
            "total": false,
            "values": false
          },
          "lines": true,
          "linewidth": 1,
          "links": [],
          "nullPointMode": "null",
          "percentage": false,
          "pointradius": 5,
          "points": false,
          "renderer": "flot",
          "seriesOverrides": [],
          "spaceLength": 10,
          "span": 6,
          "stack": false,
          "steppedLine": false,
          "targets": [
            {
              "expr": "sum(pulsar_replication_backlog{cluster=~\"$cluster\", namespace=~\"$namespace\"}) by (cluster, remote_cluster)",
              "format": "time_series",
              "intervalFactor": 2,
              "legendFormat": "{{cluster}} → {{remote_cluster}}",
              "metric": "pulsar_replication_backlog",
              "refId": "A",
              "step": 240
            }
          ],
          "thresholds": [],
          "timeFrom": null,
          "timeShift": null,
          "title": "Replication backlog | $cluster → any",
          "tooltip": {
            "shared": true,
            "sort": 0,
            "value_type": "individual"
          },
          "type": "graph",
          "xaxis": {
            "buckets": null,
            "mode": "time",
            "name": null,
            "show": true,
            "values": []
          },
          "yaxes": [
            {
              "format": "short",
              "label": "messages",
              "logBase": 1,
              "max": null,
              "min": "0",
              "show": true
            },
            {
              "format": "short",
              "label": null,
              "logBase": 1,
              "max": null,
              "min": null,
              "show": false
            }
          ]
        },
        {
          "aliasColors": {},
          "bars": false,
          "dashLength": 10,
          "dashes": false,
          "datasource": "${DS_PROMETHEUS}",
          "fill": 6,
          "id": 12,
          "legend": {
            "avg": false,
            "current": false,
            "max": false,
            "min": false,
            "show": true,
            "total": false,
            "values": false
          },
          "lines": true,
          "linewidth": 0,
          "links": [],
          "nullPointMode": "null",
          "percentage": false,
          "pointradius": 5,
          "points": false,
          "renderer": "flot",
          "seriesOverrides": [
            {
              "alias": "< 2 KB",
              "yaxis": 1
            }
          ],
          "spaceLength": 10,
          "span": 6,
          "stack": true,
          "steppedLine": false,
          "targets": [
            {
              "expr": "sum(pulsar_entry_size_le_128{cluster=~\"$cluster\", namespace=~\"$namespace\"}) / 60.0",
              "interval": "",
              "intervalFactor": 2,
              "legendFormat": "< 128 bytes",
              "metric": "pulsar_entry_size_le_128",
              "refId": "A",
              "step": 240
            },
            {
              "expr": "sum(pulsar_entry_size_le_512{cluster=~\"$cluster\", namespace=~\"$namespace\"}) / 60.0",
              "interval": "",
              "intervalFactor": 2,
              "legendFormat": "< 512 bytes",
              "metric": "pulsar_entry_size_le_512",
              "refId": "B",
              "step": 240
            },
            {
              "expr": "sum(pulsar_entry_size_le_1_kb{cluster=~\"$cluster\", namespace=~\"$namespace\"}) / 60.0",
              "interval": "",
              "intervalFactor": 2,
              "legendFormat": "< 1 KB",
              "metric": "pulsar_entry_size_le_1_kb",
              "refId": "C",
              "step": 240
            },
            {
              "expr": "sum(pulsar_entry_size_le_2_kb{cluster=~\"$cluster\", namespace=~\"$namespace\"}) / 60.0",
              "interval": "",
              "intervalFactor": 2,
              "legendFormat": "< 2 KB",
              "metric": "pulsar_entry_size_le_2_kb",
              "refId": "D",
              "step": 240
            },
            {
              "expr": "sum(pulsar_entry_size_le_4_kb{cluster=~\"$cluster\", namespace=~\"$namespace\"}) / 60.0",
              "interval": "",
              "intervalFactor": 2,
              "legendFormat": "< 4 KB",
              "metric": "pulsar_entry_size_le_4_kb",
              "refId": "E",
              "step": 240
            },
            {
              "expr": "sum(pulsar_entry_size_le_16_kb{cluster=~\"$cluster\", namespace=~\"$namespace\"}) / 60.0",
              "interval": "",
              "intervalFactor": 2,
              "legendFormat": "< 16 KB",
              "metric": "pulsar_entry_size_le_16_kb",
              "refId": "F",
              "step": 240
            },
            {
              "expr": "sum(pulsar_entry_size_le_100_kb{cluster=~\"$cluster\", namespace=~\"$namespace\"}) / 60.0",
              "interval": "",
              "intervalFactor": 2,
              "legendFormat": "< 100 KB",
              "metric": "pulsar_entry_size_le_100_kb",
              "refId": "G",
              "step": 240
            },
            {
              "expr": "sum(pulsar_entry_size_le_1_mb{cluster=~\"$cluster\", namespace=~\"$namespace\"}) / 60.0",
              "interval": "",
              "intervalFactor": 2,
              "legendFormat": "< 1 MB",
              "metric": "pulsar_entry_size_le_1_mb",
              "refId": "H",
              "step": 240
            },
            {
              "expr": "sum(pulsar_entry_size_overflow{cluster=~\"$cluster\", namespace=~\"$namespace\"}) / 60.0",
              "interval": "",
              "intervalFactor": 2,
              "legendFormat": "> 1 MB",
              "metric": "pulsar_entry_size_le_overflow",
              "refId": "I",
              "step": 240
            }
          ],
          "thresholds": [],
          "timeFrom": null,
          "timeShift": null,
          "title": "Storage entry size",
          "tooltip": {
            "shared": true,
            "sort": 0,
            "value_type": "individual"
          },
          "type": "graph",
          "xaxis": {
            "buckets": null,
            "mode": "time",
            "name": null,
            "show": true,
            "values": []
          },
          "yaxes": [
            {
              "format": "short",
              "label": "msg / s",
              "logBase": 1,
              "max": null,
              "min": null,
              "show": true
            },
            {
              "format": "short",
              "label": null,
              "logBase": 1,
              "max": null,
              "min": null,
              "show": false
            }
          ]
        }
      ],
      "repeat": null,
      "repeatIteration": null,
      "repeatRowId": null,
      "showTitle": false,
      "title": "Dashboard Row",
      "titleSize": "h6"
    },
    {
      "collapse": false,
      "height": 250,
      "panels": [
        {
          "aliasColors": {},
          "bars": false,
          "dashLength": 10,
          "dashes": false,
          "datasource": "${DS_PROMETHEUS}",
          "description": "Rate of writes into storage (can be lower than publish rate, when batching is enabled)",
          "fill": 1,
          "id": 13,
          "legend": {
            "avg": false,
            "current": false,
            "max": false,
            "min": false,
            "show": false,
            "total": false,
            "values": false
          },
          "lines": true,
          "linewidth": 1,
          "links": [],
          "nullPointMode": "null",
          "percentage": false,
          "pointradius": 5,
          "points": false,
          "renderer": "flot",
          "seriesOverrides": [],
          "spaceLength": 10,
          "span": 6,
          "stack": false,
          "steppedLine": false,
          "targets": [
            {
              "expr": "sum(pulsar_storage_write_latency_count{cluster=~\"$cluster\", namespace=~\"$namespace\"})",
              "format": "time_series",
              "interval": "",
              "intervalFactor": 2,
              "legendFormat": "$namespace",
              "metric": "pulsar_storage_write_rate",
              "refId": "A",
              "step": 240
            }
          ],
          "thresholds": [],
          "timeFrom": null,
          "timeShift": null,
          "title": "Storage Write Rate",
          "tooltip": {
            "shared": true,
            "sort": 0,
            "value_type": "individual"
          },
          "type": "graph",
          "xaxis": {
            "buckets": null,
            "mode": "time",
            "name": null,
            "show": true,
            "values": []
          },
          "yaxes": [
            {
              "format": "short",
              "label": "entry / s",
              "logBase": 1,
              "max": null,
              "min": null,
              "show": true
            },
            {
              "format": "short",
              "label": null,
              "logBase": 1,
              "max": null,
              "min": null,
              "show": false
            }
          ]
        },
        {
          "aliasColors": {},
          "bars": false,
          "dashLength": 10,
          "dashes": false,
          "datasource": "${DS_PROMETHEUS}",
          "description": "Reads from bookies",
          "fill": 1,
          "id": 14,
          "legend": {
            "avg": false,
            "current": false,
            "max": false,
            "min": false,
            "show": false,
            "total": false,
            "values": false
          },
          "lines": true,
          "linewidth": 1,
          "links": [],
          "nullPointMode": "null",
          "percentage": false,
          "pointradius": 5,
          "points": false,
          "renderer": "flot",
          "seriesOverrides": [],
          "spaceLength": 10,
          "span": 6,
          "stack": false,
          "steppedLine": false,
          "targets": [
            {
              "expr": "sum(pulsar_storage_read_rate{cluster=~\"$cluster\", namespace=~\"$namespace\"})",
              "format": "time_series",
              "interval": "",
              "intervalFactor": 2,
              "legendFormat": "read rate",
              "metric": "pulsar_storage_read_rate",
              "refId": "A",
              "step": 240
            }
          ],
          "thresholds": [],
          "timeFrom": null,
          "timeShift": null,
          "title": "Storage read entry rate",
          "tooltip": {
            "shared": true,
            "sort": 0,
            "value_type": "individual"
          },
          "type": "graph",
          "xaxis": {
            "buckets": null,
            "mode": "time",
            "name": null,
            "show": true,
            "values": []
          },
          "yaxes": [
            {
              "format": "short",
              "label": "entries / s",
              "logBase": 1,
              "max": null,
              "min": "0",
              "show": true
            },
            {
              "format": "short",
              "label": null,
              "logBase": 1,
              "max": null,
              "min": null,
              "show": false
            }
          ]
        }
      ],
      "repeat": null,
      "repeatIteration": null,
      "repeatRowId": null,
      "showTitle": false,
      "title": "Dashboard Row",
      "titleSize": "h6"
    }
  ],
  "schemaVersion": 14,
  "style": "dark",
  "tags": [],
  "templating": {
    "list": [
      {
        "allValue": null,
        "current": {},
        "datasource": "${DS_PROMETHEUS}",
        "hide": 0,
        "includeAll": false,
        "label": "Cluster",
        "multi": false,
        "name": "cluster",
        "options": [],
        "query": "{cluster=~\".+\"}",
        "refresh": 1,
        "regex": "/.*[^_]cluster=\\\"([^\\\"]+)\\\".*/",
        "sort": 1,
        "tagValuesQuery": "",
        "tags": [],
        "tagsQuery": "",
        "type": "query",
        "useTags": false
      },
      {
        "allValue": null,
        "current": {},
        "datasource": "${DS_PROMETHEUS}",
        "hide": 0,
        "includeAll": true,
        "label": "Namespace",
        "multi": false,
        "name": "namespace",
        "options": [],
        "query": "{namespace=~\".+\"}",
        "refresh": 1,
        "regex": "/.*namespace=\\\"([^\\\"]+)\\\".*/",
        "sort": 1,
        "tagValuesQuery": "",
        "tags": [],
        "tagsQuery": "",
        "type": "query",
        "useTags": false
      }
    ]
  },
  "time": {
    "from": "now/d",
    "to": "now/d"
  },
  "timepicker": {
    "refresh_intervals": [
      "5s",
      "10s",
      "30s",
      "1m",
      "5m",
      "15m",
      "30m",
      "1h",
      "2h",
      "1d"
    ],
    "time_options": [
      "5m",
      "15m",
      "1h",
      "6h",
      "12h",
      "24h",
      "2d",
      "7d",
      "30d"
    ]
  },
  "timezone": "browser",
  "title": "Pulsar - Namespace (AWS)",
  "version": 1
}